U-1001,chacebk@yahoo.com,Arabic,Argentina
U-1002,aikgggf@mail.kz,Spanish,Argentina
U-1003,kbakfik@gmail.com,French,Angola
U-1004,egdaeka@gmail.com,English,Albania
U-1005,cgfffbk@yahoo.com,Arabic,Egypt
U-1006,ckijdhc@mail.kz,Spanish,Argentina
U-1007,cfjgcai@yahoo.com,Arabic,Angola
U-1008,bdkcekd@mail.kz,English,Ecuador
U-1009,caddcec@hotmail.com,French,Albania
U-1010,ilhkelb@mail.com,French,Egypt
U-1011,kafakck@mail.kz,Arabic,Argentina
U-1012,aedebgk@gmail.com,Arabic,Albania
U-1013,cfkaidj@aol.com,Spanish,Argentina
U-1014,icigggd@hotmail.com,Arabic,Anguilla
U-1015,gaffibc@mail.com,Spanish,Egypt
U-1016,kihikae@yahoo.com,Spanish,Andorra
U-1017,clfafcf@mail.com,Spanish,Argentina
U-1018,bddhige@aol.com,English,Afghanistan
U-1019,bcakdfe@gmail.com,Spanish,Anguilla
U-1020,ebhchal@yahoo.com,Arabic,Andorra
